RANK,TEAM,LEAGUE,AVG ANNUAL PAY £,AVG ANNUAL PAY $
"(LAST YEAR)",,,(AVG WEEKLY PAY),(AVG WEEKLY PAY)
"",,,,
13 (32),Boston celtics,NBA,"£6,031,926 (£115,999)","$7,841,504 ($150,798)"
14 (29),Houston Rockets,NBA,"£5,980,476 (£115,009)","$7,774,619 ($149,512)"
15 (23),Milwaukee Bucks,NBA,"£5,873,909 (£112,960)","$7,636,082 ($146,848)"
16 (12),San Antonio Spurs,NBA,"£5,807,031 (£111,674)","$7,549,140 ($145,176)"
17 (49),Minnesota Timberwolves,NBA,"£5,706,740 (£109,745)","$7,418,763 ($142,669)"
18 (15),Washington Wizards,NBA,"£5,652,968 (£108,711)","$7,348,859 ($141,324)"
19 (39),Utah Jazz,NBA,"£5,645,592 (£108,569)","$7,339,269 ($141,140)"
20 (7),Memphis Grizzlies,NBA,"£5,586,599 (£107,435)","$7,262,578 ($139,665)"
21 (46),Denver Nuggets,NBA,"£5,360,994 (£103,096)","$6,969,292 ($134,025)"
22 (28),Detroit Tigers,MLB,"£5,332,858 (£102,555)","$6,932,715 ($133,321)"
23 (4),Man Utd,EPL,"£5,241,185 (£100,792)","$6,813,541 ($131,030)"
24 (9),Man city,EPL,"£5,235,917 (£100,691)","$6,806,692 ($130,898)"
25 (31),Los Angeles Lakers,NBA,"£5,235,333 (£100,679)","$6,805,932 ($130,883)"
26 (18),Miami Heat,NBA,"£5,221,321 (£100,410)","$6,787,718 ($130,533)"
27 (37),Bayern Munich,Bundesliga,"£5,184,038(£99,693)","$6,739,250($129,601)"
28 (44),chicago cubs,MLB,"£5,032,204 (£96,773)","$6,541,865 ($125,805)"
29 (10),Orlando Magic,NBA,"£5,027,759 (£96,688)","$6,536,087 ($125,694)"
30 (36),Indiana Pacers,NBA,"£4,980,303 (£95,775)","$6,474,394 ($124,508)"
31 (2),New York Yankees,MLB,"£4,854,393 (£93,354)","$6,310,711 ($121,360)"
32 (41),Juventus,Serie A,"£4,853,467 (£93,336)","$6,309,507 ($121,337)"
33 (13),San Francisco Giants,MLB,"£4,849,760 (£93,265)","$6,304,689 ($121,244)"
34 (16),New York Knicks,NBA,"£4,819,353 (£92,680)","$6,265,159 ($120,484)"
35 (38),Washington Nationals,MLB,"£4,814,857 (£92,593)","$6,259,314 ($120,371)"
36 (26),LA Dodgers,MLB,"£4,664,760 (£89,707)","$6,064,187 ($116,619)"
37 (53),Brooklyn Nets,NBA,"£4,626,771 (£88,976)","$6,014,803 ($115,669)"
38 (27),Sacramento Kings,NBA,"£4,545,112 (£87,406)","$5,908,646 ($113,628)"
39 (34),chelsea,EPL,"£4,451,200 (£85,600)","$5,786,560 ($111,280)"
40 (43),Baltimore Orioles,MLB,"£4,441,873 (£85,421)","$5,774,435 ($111,047)"
41 (42),Phoenix Suns,NBA,"£4,423,622 (£85,070)","$5,750,709 ($110,591)"
42 (8),Dallas Mavericks,NBA,"£4,423,111 (£85,060)","$5,750,044 ($110,578)"
43 (22),Atlanta Hawks,NBA,"£4,395,440 (£84,528)","$5,714,072 ($109,886)"
44 (45),New York Mets,MLB,"£4,374,310 (£84,121)","$5,686,603 ($109,358)"
45 (24),Boston Red Sox,MLB,"£4,324,742 (£83,168)","$5,622,164 ($108,119)"
46 (50),Toronto Blue Jays,MLB,"£4,306,455 (£82,816)","$5,598,392 ($107,661)"
47 (63),Philadelphia 76ers,NBA,"£4,229,340 (£81,333)","$5,498,142 ($105,733)"
48 (47),Arsenal,EPL,"£4,037,222 (£77,639)","$5,248,389 ($100,931)"
49 (30),Texas Rangers,MLB,"£4,036,909 (£77,633)","$5,247,982 ($100,923)"
50 (51),Royal challengers Bangalore,IPL,"£4,022,500(£77,356)","$5,229,250($100,563)"
51 (48),Seattle Mariners,MLB,"£3,851,308 (£74,064)","$5,006,701 ($96,283)"
52 (68),Atletico Madrid,La Liga,"£3,849,130 (£74,022)","$5,003,870 ($96,228)"
53 (52),St Louis cardinals,MLB,"£3,759,744 (£72,303)","$4,887,667 ($93,994)"
54 (40),LA Angels,MLB,"£3,691,432 (£70,989)","$4,798,861 ($92,286)"
55 (60),Liverpool,EPL,"£3,649,862 (£70,190)","$4,744,821 ($91,247)"
56 (71),Houston Astros,MLB,"£3,630,880 (£69,825)","$4,720,144 ($90,772)"
57 (54),Kansas city Royals,MLB,"£3,628,899 (£69,787)","$4,717,568 ($90,722)"
RANK,TEAM,LEAGUE,AVG ANNUAL PAY £,AVG ANNUAL PAY $
"(LAST YEAR)",,,(AVG WEEKLY PAY),(AVG WEEKLY PAY)
"",,,,
58 (145),Atlanta Braves,MLB,"£3,521,526 (£67,722)","$4,577,984 ($88,038)"
59 (57),Rising Pune Supergiants,IPL,"£3,430,952 (£65,980)","$4,460,238 ($85,774)"
60 (14),chicago Bulls,NBA,"£3,300,623 (£63,474)","$4,290,810 ($82,516)"
61 (108),cleveland Indians,MLB,"£3,186,570 (£61,280)","$4,142,542 ($79,664)"
62 (107),Miami Marlins,MLB,"£3,168,909 (£60,941)","$4,119,582 ($79,223)"
63 (56),Mumbai Indians,IPL,"£3,164,286 (£60,852)","$4,113,571 ($79,107)"
64 (66),Tottenham,EPL,"£3,154,667 (£60,667)","$4,101,067 ($78,867)"
65 (132),Milan,Serie A,"£3,135,877 (£60,305)","$4,076,640 ($78,397)"
66 (55),chicago White Sox,MLB,"£3,010,746 (£57,899)","$3,913,970 ($75,269)"
67 (59),Sunrisers Hyderabad,IPL,"£2,990,119 (£57,502)","$3,887,155 ($74,753)"
68 (72),Kolkata Knight Riders,IPL,"£2,951,667 (£56,763)","$3,837,167 ($73,792)"
69 (61),Delhi Daredevils,IPL,"£2,938,214 (£56,504)","$3,819,679 ($73,455)"
70 (90),West Ham,EPL,"£2,936,870 (£56,478)","$3,817,930 ($73,422)"
71 (70),Washington capitals,NHL,"£2,823,328 (£54,295)","$3,670,326 ($70,583)"
72 (101),Everton,EPL,"£2,806,207 (£53,966)","$3,648,069 ($70,155)"
73 (65),Pittsburgh Pirates,MLB,"£2,799,936 (£53,845)","$3,639,917 ($69,998)"
74 (111),Borussia Dortmund,Bundesliga,"£2,739,148 (£52,676)","$3,560,893 ($68,479)"
75 (58),Minnesota Twins,MLB,"£2,673,408 (£51,412)","$3,475,431 ($66,835)"
76 (92),New York Islanders,NHL,"£2,667,475 (£51,298)","$3,467,717 ($66,687)"
77 (87),Boston Bruins,NHL,"£2,650,000 (£50,962)","$3,445,000 ($66,250)"
78 (112),Dallas Stars,NHL,"£2,639,538 (£50,760)","$3,431,399 ($65,988)"
79 (77),Internazionale,Serie A,"£2,637,754 (£50,726)","$3,429,080 ($65,944)"
80 (85),Detroit Red Wings,NHL,"£2,609,779 (£50,188)","$3,392,713 ($65,244)"
81 (78),chicago Blackhawks,NHL,"£2,598,913 (£49,979)","$3,378,587 ($64,973)"
82 (62),Roma,Serie A,"£2,598,580 (£49,973)","$3,378,154 ($64,965)"
83 (73),Pittsburgh Penguins,NHL,"£2,596,916 (£49,941)","$3,375,991 ($64,923)"
84 (104),Philadelphia Phillies,MLB,"£2,586,343 (£49,737)","$3,362,245 ($64,659)"
85 (81),Minnesota Wild,NHL,"£2,575,753 (£49,534)","$3,348,478 ($64,394)"
86 (83),St Louis Blues,NHL,"£2,559,030 (£49,212)","$3,326,739 ($63,976)"
87 (67),Los Angeles Kings,NHL,"£2,529,013 (£48,635)","$3,287,717 ($63,225)"
88 (79),New York Rangers,NHL,"£2,516,137 (£48,387)","$3,270,978 ($62,903)"
89 (105),Leicester,EPL,"£2,499,120 (£48,060)","$3,248,856 ($62,478)"
90 (94),Vancouver canucks,NHL,"£2,492,893 (£47,940)","$3,240,761 ($62,322)"
91 (75),Arizona Diamondbacks,MLB,"£2,492,596 (£47,935)","$3,240,375 ($62,315)"
92 (74),Montreal canadiens,NHL,"£2,488,040 (£47,847)","$3,234,452 ($62,201)"
93 (84),calgary Flames,NHL,"£2,451,923 (£47,152)","$3,187,500 ($61,298)"
94 (69),colorado Rockies,MLB,"£2,440,230 (£46,928)","$3,172,299 ($61,006)"
95 (76),San Jose Sharks,NHL,"£2,434,866 (£46,824)","$3,165,326 ($60,872)"
96 (144),Valencia,La Liga,"£2,429,818 (£46,727)","$3,158,764 ($60,745)"
97 (88),Tampa Bay Lightning,NHL,"£2,421,990 (£46,577)","$3,148,587 ($60,550)"
98 (137),Toronto Maple Leafs,NHL,"£2,418,701 (£46,513)","$3,144,312 ($60,468)"
99 (120),Napoli,Serie A,"£2,414,867 (£46,440)","$3,139,327 ($60,372)"
100 (93),Anaheim Ducks,NHL,"£2,400,744 (£46,168)","$3,120,967 ($60,019)"
101 (91),Buffalo Sabres,NHL,"£2,398,227 (£46,120)","$3,117,696 ($59,956)"
102 (86),Nashville Predators,NHL,"£2,375,418 (£45,681)","$3,088,043 ($59,385)"
103 (89),Philadelphia Flyers,NHL,"£2,370,903 (£45,594)","$3,082,174 ($59,273)"
104 (154),Sevilla,La Liga,"£2,343,490 (£45,067)","$3,046,537 ($58,587)"
105 (115),Florida Panthers,NHL,"£2,334,833 (£44,901)","$3,035,283 ($58,371)"
106 (95),Ottawa Senators,NHL,"£2,334,448 (£44,893)","$3,034,783 ($58,361)"
RANK,TEAM,LEAGUE,AVG ANNUAL PAY £,AVG ANNUAL PAY $
"(LAST YEAR)",,,(AVG WEEKLY PAY),(AVG WEEKLY PAY)
107 (80),Gujarat Lions,IPL,"£2,332,203 (£44,850)","$3,031,863 ($58,305)"
108 (100),Oakland Raiders,NFL,"£2,297,689 (£44,186)","$2,986,996 ($57,442)"
109 (138),Atlanta Falcons,NFL,"£2,288,342 (£44,007)","$2,974,845 ($57,209)"
110 (109),Southampton,EPL,"£2,271,286 (£43,679)","$2,952,671 ($56,782)"
111 (130),WashingtonRedskins,NFL,"£2,261,432 (£43,489)","$2,939,861 ($56,536)"
112 (141),carolina Panthers,NFL,"£2,256,303 (£43,390)","$2,933,194 ($56,408)"
113 (121),New York Giants,NFL,"£2,254,297 (£43,352)","$2,930,586 ($56,357)"
114 (118),crystal Palace,EPL,"£2,250,857 (£43,286)","$2,926,114 ($56,271)"
115 (103),Arizona cardinals,NFL,"£2,240,698 (£43,090)","$2,912,908 ($56,017)"
116 (119),Seattle Seahawks,NFL,"£2,230,023 (£42,885)","$2,899,031 ($55,751)"
117 (110),Jacksonville Jaguars,NFL,"£2,226,583 (£42,819)","$2,894,558 ($55,665)"
118 (146),Kansas city chiefs,NFL,"£2,226,583 (£42,819)","$2,894,558 ($55,665)"
119 (135),West Brom,EPL,"£2,221,304 (£42,717)","$2,887,696 ($55,533)"
120 (124),Winnipeg Jets,NHL,"£2,207,871 (£42,459)","$2,870,232 ($55,197)"
121 (128),Pittsburgh Steelers,NFL,"£2,206,011 (£42,423)","$2,867,815 ($55,150)"
122 (129),Tennessee Titans,NFL,"£2,185,950 (£42,038)","$2,841,735 ($54,649)"
123 (99),Green Bay Packers,NFL,"£2,177,713 (£41,879)","$2,831,027 ($54,443)"
124 (116),Houston Texans,NFL,"£2,177,713 (£41,879)","$2,831,027 ($54,443)"
125 (-),Vegas Golden Knights,NHL,"£2,163,907 (£41,614)","$2,813,080 ($54,098)"
126 (82),Kings XI Punjab,IPL,"£2,158,155 (£41,503)","$2,805,601 ($53,954)"
127 (134),Denver Broncos,NFL,"£2,146,444 (£41,278)","$2,790,377 ($53,661)"
128 (117),Edmonton Oilers,NHL,"£2,143,227 (£41,216)","$2,786,196 ($53,581)"
129 (133),Los Angeles Rams,NFL,"£2,132,283 (£41,005)","$2,771,968 ($53,307)"
130 (152),New Jersey Devils,NHL,"£2,128,512 (£40,933)","$2,767,065 ($53,213)"
131 (139),Philadelphia Eagles,NFL,"£2,112,022 (£40,616)","$2,745,628 ($52,801)"
132 (148),chicago Bears,NFL,"£2,090,873 (£40,209)","$2,718,135 ($52,272)"
133 (98),colorado Avalanche,NHL,"£2,071,739 (£39,841)","$2,693,261 ($51,793)"
134 (159),Monaco,Ligue 1,"£2,067,929 (£39,768)","$2,688,307 ($51,698)"
135 (156),New England Patriots,NFL,"£2,067,829 (£39,766)","$2,688,177 ($51,696)"
136 (127),Stoke,EPL,"£2,064,400 (£39,700)","$2,683,720 ($51,610)"
137 (140),Detroit Lions,NFL,"£2,060,116 (£39,618)","$2,678,150 ($51,503)"
138 (114),Tampa Bay Bucs,NFL,"£2,053,874 (£39,498)","$2,670,036 ($51,347)"
139 (102),columbus Blue Jackets,NHL,"£2,051,839 (£39,458)","$2,667,391 ($51,296)"
140 (96),cincinnati Reds,MLB,"£2,044,064 (£39,309)","$2,657,283 ($51,102)"
141 (106),cincinnati Bengals,NFL,"£2,036,583 (£39,165)","$2,647,558 ($50,915)"
142 (155),Buffalo Bills,NFL,"£2,027,868 (£38,997)","$2,636,228 ($50,697)"
143 (143),Los Angeles chargers,NFL,"£1,996,637 (£38,397)","$2,595,629 ($49,916)"
144 (113),Dallas cowboys,NFL,"£1,989,289 (£38,256)","$2,586,075 ($49,732)"
145 (122),Minnesota Vikings,NFL,"£1,977,773 (£38,034)","$2,571,105 ($49,444)"
146 (123),Indianapolis colts,NFL,"£1,971,297 (£37,910)","$2,562,686 ($49,282)"
147 (136),Baltimore Ravens,NFL,"£1,954,576 (£37,588)","$2,540,949 ($48,864)"
148 (164),New Orleans Saints,NFL,"£1,945,983 (£37,423)","$2,529,778 ($48,650)"
149 (153),carolina Hurricanes,NHL,"£1,923,161 (£36,984)","$2,500,109 ($48,079)"
150 (126),Miami Dolphins,NFL,"£1,893,727 (£36,418)","$2,461,845 ($47,343)"
151 (161),Shanghai SIPG,cSL,"£1,853,942 (£35,653)","$2,410,125 ($46,349)"
152 (97),Oakland Athletics,MLB,"£1,810,299 (£34,813)","$2,353,389 ($45,257)"
153 (150),Milwaukee Brewers,MLB,"£1,805,328 (£34,718)","$2,346,927 ($45,133)"
154 (147),Arizona coyotes,NHL,"£1,805,181 (£34,715)","$2,346,735 ($45,130)"
155 (149),Wolfsburg,Bundesliga,"£1,778,261 (£34,197)","$2,311,740 ($44,457)"
RANK,TEAM,LEAGUE,AVG ANNUAL PAY £,AVG ANNUAL PAY $
"(LAST YEAR)",,,(AVG WEEKLY PAY),(AVG WEEKLY PAY)
156 (174),Marseille,Ligue 1,"£1,769,700 (£34,033)","$2,300,610 ($44,243)"
157 (125),New York Jets,NFL,"£1,757,952 (£33,807)","$2,285,338 ($43,949)"
158 (162),Swansea,EPL,"£1,712,880 (£32,940)","$2,226,744 ($42,822)"
159 (-),Newcastle,EPL,"£1,710,222 (£32,889)","$2,223,289 ($42,756)"
160 (158),Tampa Bay Rays,MLB,"£1,682,272 (£32,351)","$2,186,954 ($42,057)"
161 (142),Schalke,Bundesliga,"£1,654,052 (£31,809)","$2,150,268 ($41,351)"
162 (173),cleveland Browns,NFL,"£1,644,663 (£31,628)","$2,138,062 ($41,117)"
163 (-),Tianjin quanjian,cSL,"£1,612,198 (£31,004)","$2,095,857 ($40,305)"
164 (151),San Francisco 49ers,NFL,"£1,591,304 (£30,602)","$2,068,695 ($39,783)"
165 (177),Bournemouth,EPL,"£1,577,333 (£30,333)","$2,050,533 ($39,433)"
166 (176),Hebei china Fortune,cSL,"£1,551,731 (£29,841)","$2,017,250 ($38,793)"
167 (163),Bayer Leverkusen,Bundesliga,"£1,518,400 (£29,200)","$1,973,920 ($37,960)"
168 (172),Lazio,Serie A,"£1,488,278 (£28,621)","$1,934,761 ($37,207)"
169 (157),Watford,EPL,"£1,457,857 (£28,036)","$1,895,214 ($36,446)"
170 (169),Athletic Bilbao,La Liga,"£1,419,500 (£27,298)","$1,845,350 ($35,488)"
171 (203),Shanghai Shenua,cSL,"£1,375,986 (£26,461)","$1,788,781 ($34,400)"
172 (181),Burnley,EPL,"£1,371,500 (£26,375)","$1,782,950 ($34,288)"
173 (168),Lyon,Ligue 1,"£1,354,704 (£26,052)","$1,761,115 ($33,868)"
174 (-),Brighton,EPL,"£1,346,429 (£25,893)","$1,750,357 ($33,661)"
175 (179),Real Sociedad,La Liga,"£1,335,750 (£25,688)","$1,736,475 ($33,394)"
176 (167),Villarreal,La Liga,"£1,326,115 (£25,502)","$1,723,950 ($33,153)"
177 (178),Fukuoka SoftBank Hawks,NPB,"£1,310,563 (£25,203)","$1,703,732 ($32,764)"
178 (188),RB Leipzig,Bundesliga,"£1,269,382 (£24,411)","$1,650,197 ($31,735)"
179 (166),Guangzhou Evergrande,cSL,"£1,149,117 (£22,098)","$1,493,852 ($28,728)"
180 (184),Hoffenheim,Bundesliga,"£1,125,415 (£21,643)","$1,463,039 ($28,135)"
181 (180),Borussia Monchengladbach,Bundesliga,"£1,076,586 (£20,704)","$1,399,561 ($26,915)"
182 (160),Shangdong Luneng,cSL,"£1,066,564 (£20,511)","$1,386,533 ($26,664)"
183 (189),Torino,Serie A,"£1,052,596 (£20,242)","$1,368,375 ($26,315)"
184 (182),Yomiuri Giants,NPB,"£1,051,486 (£20,221)","$1,366,932 ($26,287)"
185 (187),Espanyol,La Liga,"£1,046,175 (£20,119)","$1,360,028 ($26,154)"
186 (194),Sampdoria,Serie A,"£1,039,981 (£20,000)","$1,351,976 ($26,000)"
187 (-),Huddersfield,EPL,"£1,024,012 (£19,693)","$1,331,216 ($25,600)"
188 (183),Hamburg,Bundesliga,"£1,014,018 (£19,500)","$1,318,223 ($25,350)"
189 (185),Hertha Berlin,Bundesliga,"£1,000,350 (£19,238)","$1,300,455 ($25,009)"
190 (201),Fc Koln,Bundesliga,"£992,250 (£19,082)","$1,289,925 ($24,806)"
191 (223),Real Betis,La Liga,"£978,504 (£18,817)","$1,272,056 ($24,463)"
192 (175),Fiorentina,Serie A,"£974,605 (£18,742)","$1,266,986 ($24,365)"
193 (208),celta Vigo,La Liga,"£968,032 (£18,616)","$1,258,442 ($24,201)"
194 (213),Nice,Ligue 1,"£915,007 (£17,596)","$1,189,510 ($22,875)"
195 (165),Jiangsu Suning,cSL,"£914,904 (£17,594)","$1,189,375 ($22,873)"
196 (196),Deportivo La coruna,La Liga,"£881,608 (£16,954)","$1,146,090 ($22,040)"
197 (64),San Diego Padres,MLB,"£857,926 (£16,499)","$1,115,303 ($21,448)"
198 (215),Malaga,La Liga,"£856,060 (£16,463)","$1,112,878 ($21,402)"
199 (186),Genoa,Serie A,"£848,679 (£16,321)","$1,103,282 ($21,217)"
200 (191),Bologna,Serie A,"£821,538 (£15,799)","$1,068,000 ($20,538)"
201 (195),Sassuolo,Serie A,"£769,214 (£14,793)","$999,979 ($19,230)"
202 (212),Atalanta,Serie A,"£769,136 (£14,791)","$999,877 ($19,228)"
203 (192),celtic,Scot Prem,"£735,040 (£14,135)","$955,552 ($18,376)"
204 (197),Beijing Guoan,cSL,"£724,938 (£13,941)","$942,419 ($18,123)"
RANK,TEAM,LEAGUE,AVG ANNUAL PAY £,AVG ANNUAL PAY $
"(LAST YEAR)",,,(AVG WEEKLY PAY),(AVG WEEKLY PAY)
205 (198),Hanshin Tigers,NPB,"£686,549 (£13,203)","$892,514 ($17,164)"
206 (209),cagliari,Serie A,"£653,903 (£12,575)","$850,074 ($16,348)"
207 (228),Eibar,La Liga,"£648,185 (£12,465)","$842,641 ($16,205)"
208 (190),Bordeaux,Ligue 1,"£643,032 (£12,366)","$835,942 ($16,076)"
209 (205),Eintracht Frankfurt,Bundesliga,"£638,471 (£12,278)","$830,013 ($15,962)"
210 (204),Toronto Fc,MLS,"£638,171 (£12,273)","$829,623 ($15,954)"
211 (207),Tokyo Yakult Swallows,NPB,"£626,432 (£12,047)","$814,362 ($15,661)"
212 (211),Hokkaido Nippon Ham Fighters,NPB,"£623,592(£11,992)","$810,669($15,590)"
213 (200),Werder Bremen,Bundesliga,"£621,214 (£11,946)","$807,579 ($15,530)"
214 (206),Lille,Ligue 1,"£620,691 (£11,936)","$806,898 ($15,517)"
215 (-),Girona,La Liga,"£617,283 (£11,871)","$802,468 ($15,432)"
216 (193),Orix Buffaloes,NPB,"£615,634 (£11,839)","$800,324 ($15,391)"
217 (210),Saitama Seibu Lions,NPB,"£611,385 (£11,757)","$794,800 ($15,285)"
218 (-),Hellas Verona,Serie A,"£597,728 (£11,495)","$777,047 ($14,943)"
219 (-),SPAL,Serie A,"£576,218 (£11,081)","$749,083 ($14,405)"
220 (202),Saint-Etienne,Ligue 1,"£568,341 (£10,930)","$738,843 ($14,209)"
221 (217),Mainz,Bundesliga,"£562,855 (£10,824)","$731,712 ($14,071)"
222 (248),Alaves,La Liga,"£560,444 (£10,778)","$728,578 ($14,011)"
223 (-),Getafe,La Liga,"£544,781 (£10,477)","$708,215 ($13,620)"
224 (-),Stuttgart,Bundesliga,"£538,400 (£10,354)","$699,920 ($13,460)"
225 (253),Las Palmas,La Liga,"£537,863 (£10,344)","$699,222 ($13,447)"
226 (224),Toulouse,Ligue 1,"£536,500 (£10,317)","$697,450 ($13,413)"
227 (214),Udinese,Serie A,"£534,511 (£10,279)","$694,865 ($13,363)"
228 (254),Leganes,La Liga,"£523,274 (£10,063)","$680,256 ($13,082)"
229 (225),chievo,Serie A,"£522,019 (£10,039)","$678,625 ($13,050)"
230 (229),Rennes,Ligue 1,"£520,686 (£10,013)","$676,892 ($13,017)"
231 (221),Augsburg,Bundesliga,"£517,021 (£9,943)","$672,127 ($12,926)"
232 (199),New York city Fc,MLS,"£492,592 (£9,473)","$640,370 ($12,315)"
233 (-),Levante,La Liga,"£490,750 (£9,438)","$637,975 ($12,269)"
234 (219),chiba Lotte Marines,NPB,"£490,423 (£9,431)","$637,549 ($12,261)"
235 (216),Hiroshima Toyo carp,NPB,"£488,979 (£9,403)","$635,673 ($12,224)"
236 (222),Tohoku Rakuten Golden Eagles,NPB,"£465,023 (£8,943)","$604,531 ($11,626)"
237 (226),Montpellier,Ligue 1,"£464,500 (£8,933)","$603,850 ($11,613)"
238 (251),Nantes,Ligue 1,"£458,081 (£8,809)","$595,506 ($11,452)"
239 (305),changchun Yatai,cSL,"£457,308 (£8,794)","$594,500 ($11,433)"
240 (234),Yokohama DeNA Bay Stars,NPB,"£455,869 (£8,767)","$592,629 ($11,397)"
241 (-),Hannover 96,Bundesliga,"£449,966 (£8,653)","$584,956 ($11,249)"
242 (240),Freiburg,Bundesliga,"£448,718 (£8,629)","$583,334 ($11,218)"
243 (256),Tianjin Teda,cSL,"£442,382 (£8,507)","$575,097 ($11,060)"
244 (231),chunichi Dragons,NPB,"£430,188 (£8,273)","$559,244 ($10,755)"
245 (-),Benevento,Serie A,"£427,885 (£8,229)","$556,250 ($10,697)"
246 (235),caen,Ligue 1,"£416,770 (£8,015)","$541,801 ($10,419)"
247 (-),Amiens,Ligue 1,"£409,067 (£7,867)","$531,787 ($10,227)"
248 (-),Strasbourg,Ligue 1,"£378,393 (£7,277)","$491,911 ($9,460)"
249 (307),chicago Fire,MLS,"£369,011 (£7,096)","$479,714 ($9,225)"
250 (242),Metz,Ligue 1,"£366,889 (£7,056)","$476,956 ($9,172)"
251 (239),Dijon,Ligue 1,"£365,100 (£7,021)","$474,630 ($9,128)"
252 (250),Guingamp,Ligue 1,"£355,500 (£6,837)","$462,150 ($8,888)"
253 (220),LA Galaxy,MLS,"£347,091 (£6,675)","$451,218 ($8,677)"
254 (243),Angers,Ligue 1,"£346,900 (£6,671)","$450,970 ($8,673)"
RANK,TEAM,LEAGUE,AVG ANNUAL PAY £,AVG ANNUAL PAY $
"(LAST YEAR)",,,(AVG WEEKLY PAY),(AVG WEEKLY PAY)
303 (263),Hawthorn,AFL,"£169,957 (£3,268)","$220,944 ($4,249)"
304 (289),Jubilo Iwata,J.League,"£155,869 (£2,997)","$202,629 ($3,897)"
305 (-),Shimizu S-Pulse,J.League,"£153,974 (£2,961)","$200,166 ($3,849)"
306 (294),Omiya Ardija,J.League,"£153,680 (£2,955)","$199,784 ($3,842)"
307 (-),Minnesota United,MLS,"£151,649 (£2,916)","$197,143 ($3,791)"
308 (269),Montreal Impact,MLS,"£150,843 (£2,901)","$196,097 ($3,771)"
309 (300),Dc United,MLS,"£150,212 (£2,889)","$195,276 ($3,755)"
310 (299),Kashiwa Reysol,J.League,"£144,789 (£2,784)","$188,225 ($3,620)"
311 (309),Sagan Tosu,J.League,"£141,947 (£2,730)","$184,532 ($3,549)"
312 (302),Houston Dynamo,MLS,"£139,869 (£2,690)","$181,829 ($3,497)"
313 (304),Aberdeen,Scot Prem,"£136,382 (£2,623)","$177,296 ($3,410)"
314 (-),consadole Sapporo,J.League,"£113,005 (£2,173)","$146,906 ($2,825)"
315 (312),Yanbian Funde,cSL,"£99,048 (£1,905)","$128,762 ($2,476)"
316 (314),Hearts,Scot Prem,"£95,514 (£1,837)","$124,168 ($2,388)"
317 (313),Vegalta Sendai,J.League,"£89,461 (£1,720)","$116,299 ($2,237)"
318 (-),Hibernian,Scot Prem,"£87,100 (£1,675)","$113,230 ($2,178)"
319 (310),Albirex Niigata,J.League,"£81,866 (£1,574)","$106,426 ($2,047)"
320 (317),Ventforet Kofu,J.League,"£78,498 (£1,510)","$102,047 ($1,962)"
321 (318),Ottawa Redblacks,cFL,"£74,504 (£1,433)","$96,855 ($1,863)"
322 (319),calgary Stampeders,cFL,"£69,685 (£1,340)","$90,591 ($1,742)"
323 (316),Edmonton Eskimos,cFL,"£68,117 (£1,310)","$88,551 ($1,703)"
324 (322),Winnipeg Blue Bombers,cFL,"£66,630 (£1,281)","$86,619 ($1,666)"
325 (320),Saskatchewan Roughriders,cFL,"£66,614 (£1,281)","$86,599 ($1,665)"
326 (321),Hamilton Tiger-cats,cFL,"£66,082 (£1,271)","$85,906 ($1,652)"
327 (-),Atlanta Dream,WNBA,"£65,663 (£1,263)","$85,362 ($1,642)"
328 (323),Bc Lions,cFL,"£65,374 (£1,257)","$84,986 ($1,634)"
329 (326),Montreal Alouettes,cFL,"£63,140 (£1,214)","$82,082 ($1,579)"
330 (324),Toronto Argonauts,cFL,"£62,043 (£1,193)","$80,656 ($1,551)"
331 (-),Minnesota Lynx,WNBA,"£61,324 (£1,179)","$79,721 ($1,533)"
332 (-),Phoenix Mercury,WNBA,"£61,279 (£1,178)","$79,663 ($1,532)"
333 (-),Los Angeles Sparks,WNBA,"£60,938 (£1,172)","$79,219 ($1,523)"
334 (325),Dundee,Scot Prem,"£59,904 (£1,152)","$77,875 ($1,498)"
335 (-),Washington Mystics,WNBA,"£59,724 (£1,149)","$77,641 ($1,493)"
336 (-),connecticut Sun,WNBA,"£58,604 (£1,127)","$76,185 ($1,465)"
337 (332),Partick Thistle,Scot Prem,"£58,175 (£1,119)","$75,628 ($1,454)"
338 (330),Ross county,Scot Prem,"£56,394 (£1,085)","$73,312 ($1,410)"
339 (-),New York Liberty,WNBA,"£56,163 (£1,080)","$73,011 ($1,404)"
340 (-),San Antonio Stars,WNBA,"£55,187 (£1,061)","$71,743 ($1,380)"
341 (329),Kilmarnock,Scot Prem,"£55,100 (£1,060)","$71,630 ($1,378)"
342 (-),Indiana Fever,WNBA,"£54,730 (£1,052)","$71,149 ($1,368)"
343 (-),Dallas Wings,WNBA,"£54,414 (£1,046)","$70,738 ($1,360)"
344 (-),Seattle Storm,WNBA,"£52,438 (£1,008)","$68,169 ($1,311)"
345 (-),chicago Sky,WNBA,"£50,531 (£972)","$65,691 ($1,263)"
346 (331),St Johnstone,Scot Prem,"£47,992 (£923)","$62,389 ($1,200)"
347 (328),Motherwell,Scot Prem,"£42,662 (£820)","$55,461 ($1,067)"
348 (333),Hamilton,Scot Prem,"£41,488 (£798)","$53,934 ($1,037)"
RANK,TEAM,LEAGUE,AVG ANNUAL PAY £,AVG ANNUAL PAY $
"(LAST YEAR)",,,(AVG WEEKLY PAY),(AVG WEEKLY PAY)
255 (249),Orlando city,MLS,"£338,954 (£6,518)","$440,640 ($8,474)"
256 (244),Rangers,Scot Prem,"£329,600 (£6,338)","$428,480 ($8,240)"
257 (-),Guizhou Hengfeng zhicheng,cSL,"£323,623 (£6,224)","$420,710 ($8,091)"
258 (245),Seattle Sounders,MLS,"£317,112 (£6,098)","$412,246 ($7,928)"
259 (303),Guangzhou R&F,cSL,"£314,543 (£6,049)","$408,906 ($7,864)"
260 (267),Portland Timbers,MLS,"£308,380 (£5,930)","$400,894 ($7,710)"
261 (-),Troyes,Ligue 1,"£300,541 (£5,780)","$390,703 ($7,514)"
262 (272),Henan Jianye,cSL,"£296,490 (£5,702)","$385,437 ($7,412)"
263 (246),crotone,Serie A,"£292,575 (£5,626)","$380,347 ($7,314)"
264 (252),Urawa Red Diamonds,J.League,"£289,185 (£5,561)","$375,941 ($7,230)"
265 (261),chongqing Lifan,cSL,"£248,923 (£4,787)","$323,600 ($6,223)"
266 (255),colorado Rapids,MLS,"£237,888 (£4,575)","$309,255 ($5,947)"
267 (265),Vissel Kobe,J.League,"£236,037 (£4,539)","$306,848 ($5,901)"
268 (-),Atlanta United,MLS,"£223,518 (£4,298)","$290,573 ($5,588)"
269 (-),cerezo Osaka,J.League,"£212,654 (£4,090)","$276,450 ($5,316)"
270 (259),Fc Tokyo,J.League,"£211,752 (£4,072)","$275,277 ($5,294)"
271 (286),Real Salt Lake,MLS,"£211,378 (£4,065)","$274,791 ($5,284)"
272 (278),Kashima Antlers,J.League,"£206,362 (£3,969)","$268,271 ($5,159)"
273 (257),Gamba Osaka,J.League,"£199,736 (£3,841)","$259,657 ($4,993)"
274 (281),Sporting Kansas city,MLS,"£194,922 (£3,748)","$253,398 ($4,873)"
275 (282),Vancouver Whitecaps,MLS,"£194,216 (£3,735)","$252,480 ($4,855)"
276 (279),New England Revolution,MLS,"£193,984 (£3,730)","$252,179 ($4,850)"
277 (268),Kawasaki Frontale,J.League,"£191,776 (£3,688)","$249,309 ($4,794)"
278 (291),Gold coast,AFL,"£189,586 (£3,646)","$246,461 ($4,740)"
279 (285),New York Red Bulls,MLS,"£189,428 (£3,643)","$246,257 ($4,736)"
280 (301),Western Bulldogs,AFL,"£188,100 (£3,617)","$244,530 ($4,703)"
281 (270),San Jose Earthquakes,MLS,"£184,596 (£3,550)","$239,975 ($4,615)"
282 (262),Sanfrecce Hiroshima,J.League,"£183,350 (£3,526)","$238,355 ($4,584)"
283 (258),Yokohama F Marinos,J.League,"£183,099 (£3,521)","$238,028 ($4,577)"
284 (308),Fc Dallas,MLS,"£181,055 (£3,482)","$235,371 ($4,526)"
285 (293),Melbourne,AFL,"£180,971 (£3,480)","$235,263 ($4,524)"
286 (297),North Melbourne,AFL,"£180,971 (£3,480)","$235,263 ($4,524)"
287 (296),Liaoning Whowin,cSL,"£180,129 (£3,464)","$234,168 ($4,503)"
288 (276),Greater Western Sydney,AFL,"£179,964 (£3,461)","$233,954 ($4,499)"
289 (274),Sydney Swans,AFL,"£177,579 (£3,415)","$230,852 ($4,439)"
290 (283),Philadelphia Union,MLS,"£176,601 (£3,396)","$229,581 ($4,415)"
291 (280),Richmond,AFL,"£176,546 (£3,395)","$229,510 ($4,414)"
292 (266),collingwood,AFL,"£175,686 (£3,379)","$228,391 ($4,392)"
293 (295),Brisbane Lions,AFL,"£175,679 (£3,378)","$228,382 ($4,392)"
294 (271),Fremantle,AFL,"£174,271 (£3,351)","$226,553 ($4,357)"
295 (298),St Kilda,AFL,"£174,271 (£3,351)","$226,553 ($4,357)"
296 (273),Geelong,AFL,"£173,279 (£3,332)","$225,263 ($4,332)"
297 (288),columbus crew,MLS,"£173,014 (£3,327)","$224,918 ($4,325)"
298 (264),West coast Eagles,AFL,"£172,843 (£3,324)","$224,696 ($4,321)"
299 (277),carlton,AFL,"£172,821 (£3,323)","$224,668 ($4,321)"
300 (284),Adelaide crows,AFL,"£172,814 (£3,323)","$224,659 ($4,320)"
301 (292),Port Adelaide,AFL,"£172,814 (£3,323)","$224,659 ($4,320)"
302 (275),Essendon,AFL,"£172,154 (£3,311)","$223,800 ($4,304)"
